"baseMean"	"log2FoldChange"	"lfcSE"	"stat"	"pvalue"	"padj"
"XR_001750346.2"	39.0764073073194	-24.1112170826435	2.82511525193744	-8.53459591289533	1.40646118360834e-17	8.78433461446263e-13
"NM_004649.8"	115.755400212658	24.9669149512793	2.9743499844665	8.39407436302677	4.69578886300185e-17	1.46642442508253e-12
"XM_011512031.3"	19.5403450392239	-23.1723766507729	2.88897185871531	-8.02097693712995	1.04907425981109e-15	2.18406770150071e-11
"XM_017008013.1"	20.4146814451815	22.5453847427308	2.91579706681082	7.7321515270574	1.05743969749057e-14	1.65111277965421e-10
"XM_011529975.2"	225.254570306622	0.805322101700462	0.110483740203344	7.28905538695812	3.12135722125855e-13	3.89901215936291e-09
"NM_024121.3"	1406.92146943595	-0.27316330622079	0.0396374437851117	-6.89154698526229	5.51888868511569e-12	5.74488717677118e-08
"NM_173511.4"	562.878275293404	1.32114737928875	0.205769076402774	6.42053413654209	1.35797013363096e-10	1.21163915194556e-06
"XM_005252072.2"	657.553891625067	-1.04876388646108	0.169586806213643	-6.18423042379761	6.24061569135449e-10	4.87212667793659e-06
"NM_001359194.1"	144.898035311257	-7.99711359991604	1.31921164807763	-6.06203986416395	1.34405889187739e-09	9.32732068999848e-06
"NM_173799.4"	2892.422258805	-1.07457873273852	0.178591509975261	-6.01696426043645	1.77718298445026e-09	1.1099751765981e-05
"NM_001198.4"	623.895628120038	-1.64916461237536	0.275248049828735	-5.99155784537439	2.07840370685846e-09	1.18009873017508e-05
"NM_001199837.2"	12.8033353722871	-7.11954921638203	1.19381574601777	-5.96369183446511	2.46601626116392e-09	1.18476905864242e-05
"NM_016269.5"	1785.57465233518	1.28410012324321	0.21486412099638	5.97633572924373	2.28212448408779e-09	1.18476905864242e-05
"NM_001129.5"	737.660968807285	0.99903355100592	0.168952325551535	5.91310920251991	3.35709443259001e-09	1.29451689717353e-05
"NM_015038.2"	208.477903455003	0.96611350237757	0.163049839339308	5.92526497598737	3.11794218419791e-09	1.29451689717353e-05
"NM_006465.4"	702.700917514114	-0.540960761793389	0.0916084828745804	-5.9051383105428	3.52351013528508e-09	1.29451689717353e-05
"NM_014268.4"	1902.67864768502	0.419851211173088	0.0709110701732696	5.92081335322103	3.20353273161959e-09	1.29451689717353e-05
"NM_004267.5"	486.53716664638	1.43883650925387	0.244107661943	5.89427016670147	3.76341003035655e-09	1.30584055703322e-05
"XM_011535095.2"	140.664745445997	1.82339856934926	0.313584024903064	5.8147049101526	6.07409396910431e-09	1.99668256330709e-05
"XM_017005687.1"	570.399386136	-2.29499533929172	0.396836248248793	-5.78323010919327	7.32797146848294e-09	2.2884155700352e-05
"NM_002983.3"	6629.44797316238	-1.56820526958057	0.273985761868407	-5.72367432119984	1.04244498038909e-08	3.10038029238864e-05
"XM_011519065.2"	77.1791136774163	-6.07048388573277	1.08225841296055	-5.60908911682817	2.03394275437269e-08	5.77427102772068e-05
"XR_935793.2"	11.0725811434086	-6.91085324439305	1.24541307879896	-5.54904502131747	2.87234211837027e-08	7.79990746465444e-05
"NM_001839.5"	229.27730192623	1.33627526159664	0.24141878849743	5.53509223500583	3.11064614856258e-08	8.09506777086556e-05
"XM_005264723.1"	475.633564322103	-1.73933795501281	0.316008314837033	-5.50408920698746	3.71081627726541e-08	9.03607508926652e-05
"NM_001903.5"	935.430405360062	-1.22346161573199	0.222379076012555	-5.50169394382643	3.76159521464255e-08	9.03607508926652e-05
"XM_017020405.2"	58.9269298332435	-2.42058618352967	0.44281381550832	-5.46637457720465	4.59333166197766e-08	0.000102459184147192
"NM_001166119.1"	726.650574739678	1.08970172984574	0.199221831538258	5.46979074246927	4.50567232678826e-08	0.000102459184147192
"NM_133631.3"	20.562665770184	7.52593386420257	1.388102652094	5.42174157858529	5.90211648319024e-08	0.000127113272134694
"NM_212481.3"	1483.58371394193	-1.2907992887248	0.238375860251064	-5.41497485259326	6.12973202446244e-08	0.000127614891017283
"NM_001099658.2"	1377.48611433615	2.03918677219229	0.377250857109887	5.4053867175133	6.46687126400346e-08	0.000130290767269634
"XM_011509255.2"	214.695663707188	1.57203433408699	0.293473158820588	5.35665455881789	8.47769822904823e-08	0.000165466124466145
"NM_001286409.2"	215.491882960504	1.13798804609919	0.214405931433317	5.30763322866898	1.11057826898139e-07	0.000210192081653851
"XM_011526006.2"	10.5719551550068	-6.84359110689359	1.29507494955129	-5.28432050150048	1.26172191183679e-07	0.000231774604257619
"NM_003890.2"	1871.4632418612	1.81349751438186	0.344823327419803	5.259207745461	1.44677368087391e-07	0.000251003177184283
"XR_001749964.1"	37.4448117727836	-1.48745476289495	0.28271775407076	-5.26127114932677	1.43062874408733e-07	0.000251003177184283
"NM_001159677.2"	21.6347739917775	-7.14593558502616	1.36108717077221	-5.25016746794545	1.51960993788919e-07	0.000256514264569581
"NM_001145104.1"	53.7011108311476	8.18909648887729	1.56622315886022	5.22856301961255	1.70832604506657e-07	0.000273742789938676
"NM_001321389.1"	777.298888251373	-0.430604112382954	0.0823578232449791	-5.22845426720534	1.70933102896527e-07	0.000273742789938676
"NM_001291470.2"	355.631137709097	-1.1746987072651	0.227463684407506	-5.16433517871191	2.41294984387152e-07	0.000374416600831268
"NM_001243778.1"	242.604971820769	1.01003774411943	0.195710218535837	5.16088404415367	2.45786391182445e-07	0.000374416600831268
"NM_181780.4"	164.01568063238	1.45373091928889	0.28319894139153	5.13324983541895	2.84781475130204e-07	0.000423490395052551
"XM_005264518.2"	1409.5674393361	0.740588470297572	0.14478544506971	5.11507541342294	3.13615632538109e-07	0.000455523059568201
"NM_005360.5"	496.207989520178	-1.85003978012724	0.36277964212208	-5.09962402880556	3.40328804089468e-07	0.000483089002659453
"NM_001430.5"	323.657396925107	-2.44309406397869	0.482280162426308	-5.06571543744969	4.06869330692001e-07	0.000564707506378451
"NM_004951.5"	554.930295087655	-2.03962193163862	0.403203758938656	-5.05853898040898	4.2248089467869e-07	0.000573628026933629
"NM_001080491.3"	33.7080681710944	1.68695017156962	0.335553994012435	5.02735834372786	4.97282574665204e-07	0.00064705787012218
"NM_002870.5"	314.197528473623	1.34061648313496	0.266467406654325	5.0310711541321	4.87747073728446e-07	0.00064705787012218
"NM_001319087.2"	151.501128764642	-1.63905026478944	0.328606444127468	-4.98788229531386	6.10447400229351e-07	0.000778096189308665
"NM_001321712.2"	39.8332846987003	8.11900065041219	1.63140528570204	4.97669139702361	6.46803180248129e-07	0.000792105612328577
"NM_005686.3"	120.872345432608	-1.42445546469578	0.28609002428669	-4.97904625737085	6.38983707768425e-07	0.000792105612328577
"XM_024448192.1"	17.5486041906379	-4.42571800719747	0.890878275061716	-4.96781449395078	6.77116892535075e-07	0.000797937542586098
"XM_024447507.1"	114.577505915282	1.53620782707772	0.309022985110641	4.97117658263417	6.65478028734045e-07	0.000797937542586098
"XM_017011273.2"	722.163514235672	0.447805129034057	0.0907134343723467	4.93648082152831	7.95448556408383e-07	0.00092002463865923
"NM_033423.5"	1206.98959528744	-2.39101435694218	0.486661317874452	-4.91309719742099	8.96488051483986e-07	0.000973093883877163
"NM_005508.5"	1421.66399738982	-1.78224411597577	0.362347041882662	-4.91861091708017	8.71605235033243e-07	0.000973093883877163
"NM_002984.4"	7728.5236040825	-1.3489541124058	0.274837688249386	-4.90818461251851	9.19233058724445e-07	0.000973093883877163
"NM_001637.4"	315.108318949709	-1.20625881334234	0.245736306704219	-4.90875292104988	9.16573671099401e-07	0.000973093883877163
"NM_001131007.2"	1066.27104477005	1.00058247544104	0.203744496409759	4.91096688780605	9.06283927800633e-07	0.000973093883877163
"XM_011530017.2"	14.0592627031978	7.34262273825619	1.49811933636219	4.9012268649345	9.52399956328193e-07	0.000991019252577758
"NM_003489.4"	264.330247068082	1.81955424002877	0.371640777667162	4.89600267077889	9.78057370760755e-07	0.000991019252577758
"NM_147187.3"	596.723590951885	-0.890304102044909	0.181885587392408	-4.89485788736041	9.83767930893591e-07	0.000991019252577758
"NM_002714.4"	1735.99596725668	-0.568799452706892	0.116488807974274	-4.88286782737538	1.04553956918248e-06	0.0010365280138481
"NM_001346425.2"	912.513063239159	1.55114032055077	0.319171217493828	4.85990037801817	1.17444836827333e-06	0.00113079291350719
"XM_011518509.3"	323.968883974223	1.11195360850064	0.228820647094267	4.85949857506759	1.1768342920404e-06	0.00113079291350719
"XR_001744062.1"	15.7630668852795	7.50738853706255	1.54742106663199	4.85154861785785	1.22501171484998e-06	0.0011592508587028
"NR_146104.1"	263.740549423701	1.68105514597421	0.34748520256215	4.83777477020346	1.3130080404776e-06	0.00122397825647924
"XM_005277536.2"	12.3389333737745	7.1534009486499	1.48609798498656	4.81354595788284	1.48275482220692e-06	0.00132297739900825
"XM_017013199.1"	147.366564032316	1.83012655913637	0.38006801022919	4.81526071618804	1.47007826602677e-06	0.00132297739900825
"NR_135490.2"	1139.43014626198	0.483563364564367	0.100411289909564	4.81582663662514	1.46591754962844e-06	0.00132297739900825
"NM_194329.3"	13.2842703335416	7.26012914278328	1.51308878769906	4.79821752814896	1.60083868947521e-06	0.00140821946519089
"XM_024447833.1"	11.8659452292528	7.09962616788307	1.48357222377348	4.78549412971962	1.70567171892675e-06	0.001439609980392
"NM_001318745.1"	138.27874675493	-2.13539103194901	0.445853303440157	-4.78944759514523	1.67241065809445e-06	0.001439609980392
"NM_001848.3"	1312.3616257536	1.15117218898541	0.24053488178434	4.78588461035574	1.70235846398303e-06	0.001439609980392
"NM_004833.3"	246.497656893984	-2.43589643113893	0.509651013550146	-4.77953808856549	1.75698385999363e-06	0.00146314587924829
"NM_003107.3"	44.4654694660833	1.40583444650911	0.29493964499769	4.7665156934739	1.87439136494755e-06	0.00154037975632275
"NM_005080.3"	3346.02113419301	-0.593456004150213	0.124707087312836	-4.75879933480835	1.94747922479803e-06	0.00157965857069105
"NM_001113496.2"	911.798658480333	1.43545393505307	0.301894873608427	4.7548138790688	1.98629321059229e-06	0.001584354019177
"NM_000956.4"	959.401366137113	-0.883540905809691	0.185890413046388	-4.75302029475402	2.00400223377657e-06	0.001584354019177
"NM_018334.5"	1514.22105951675	1.73865678207181	0.366333474776973	4.74610403302706	2.07372083861218e-06	0.00161897978021501
"XM_011527153.1"	15.1607923599229	-7.36224179220257	1.55795816153614	-4.72557092607894	2.29469722301653e-06	0.0017298447994393
"NM_001025199.2"	74.505305997697	1.7730065502902	0.375223076866969	4.72520657603051	2.29881547870473e-06	0.0017298447994393
"NM_024508.5"	7176.30630419458	-1.26933408167201	0.268363025680728	-4.72991418416239	2.24614762423578e-06	0.0017298447994393
"NM_001282427.2"	2162.24371677078	-1.01042741053486	0.214307990197443	-4.71483778838087	2.41903385959157e-06	0.00177747762080601
"NR_134302.1"	92.9300353270011	0.997226175849457	0.211499303976398	4.71503289656567	2.41671700492948e-06	0.00177747762080601
"NM_001353838.2"	677.405342561953	-1.16222085049676	0.24705207867166	-4.70435568381268	2.54668932221287e-06	0.0018282594827293
"NM_005620.2"	1772.09137330439	-0.760618467777066	0.161679828464931	-4.70447349554213	2.54521927655522e-06	0.0018282594827293
"XM_017007306.1"	12.0476705862587	7.1195860816314	1.51420311749835	4.7018699138553	2.5778972480867e-06	0.00182963327754262
"XM_006714682.2"	601.402926984431	2.06315879938587	0.439030265825293	4.69935437254542	2.60985246720165e-06	0.00183150062409004
"NM_002051.3"	406.570494626475	-1.81249089809955	0.386434855765104	-4.69028833983154	2.72820316619249e-06	0.00189328205723205
"NM_001242394.1"	464.078572071124	-1.7130979848158	0.365420465453433	-4.68801872574405	2.75862781495789e-06	0.00189335843339368
"NM_001308177.2"	7.39121568345857	4.86167670021154	1.03826644709911	4.68249428053363	2.83405097770218e-06	0.00191183027505784
"NM_001318768.1"	104.250616651795	0.809075874958457	0.172821219604992	4.68157716284908	2.8467620215569e-06	0.00191183027505784
"NM_001129731.3"	124.477983492968	1.23909254993814	0.265226235391029	4.67183251351931	2.98524342698148e-06	0.00198350370977641
"NM_016071.4"	237.623266523901	-0.524478115039167	0.112529940545089	-4.66078727580077	3.15002159719171e-06	0.00207095683048214
"NM_001350676.1"	11.1757955850696	7.01094843200879	1.50551903700225	4.65683147120397	3.21113091368793e-06	0.00208914170287716
"NM_001164319.2"	827.447293168659	0.724498193423528	0.156114585521257	4.64081040861412	3.47045428765337e-06	0.00223457900457697
"NM_001769.4"	141.743180337768	1.50087631560739	0.324120225953333	4.6306160351236	3.64579400612799e-06	0.00230005410344178
"XM_005252069.4"	57.7807516493986	-0.958157451686848	0.206841225256428	-4.6323330878503	3.61567812331557e-06	0.00230005410344178
"NM_024079.5"	459.404476018848	-0.555872285345113	0.120181099501267	-4.6252887321875	3.74076930170206e-06	0.00233637228276406
"NM_001363855.1"	11.8228284792714	-7.00472493260921	1.51930546170729	-4.610478346295	4.01743487164148e-06	0.00248432603740705
"NM_001775.4"	337.726724736838	1.31474759962722	0.285364643627219	4.60725471423402	4.08020073295453e-06	0.00249840291351119
"NM_001024847.2"	964.021948434714	0.88715405581301	0.192992793398399	4.59682478392672	4.28978069088096e-06	0.00260123138456653
"XR_001751474.1"	154.563393478263	1.53959916116459	0.336011146383189	4.58198835882911	4.60575540053824e-06	0.00276597754857132
"XM_006724750.3"	179.249529169079	0.849657333987732	0.185516877229622	4.57994629208896	4.65095346490819e-06	0.0027665200053121
"NM_172037.5"	819.97910864237	-1.3671544414056	0.298710435679314	-4.57685530234817	4.72017704560031e-06	0.00278120846921753
"NM_012296.3"	164.28952196442	-2.05874753449523	0.451012872699092	-4.56472012023654	5.00161160614608e-06	0.00291949211294454
"NM_002922.4"	2557.44539879943	-1.78454165191965	0.3923824520736	-4.54796498286044	5.4167145426484e-06	0.00310447776249623
"NM_175884.6"	1180.77471206714	-0.95620112214558	0.210250323211727	-4.54791748968045	5.41793675828313e-06	0.00310447776249623
"NM_001173982.2"	780.511387819008	-0.83154999768938	0.18341841019037	-4.53362340686693	5.79803651985074e-06	0.00326241411639926
"NM_004048.3"	102868.80482717	-0.237757911525893	0.0524287245132657	-4.53487880418939	5.76365717100621e-06	0.00326241411639926
"XM_011509090.3"	9.88796239719598	6.83547947578782	1.50877459181897	4.53048421735881	5.88486511447259e-06	0.00328170553977335
"NM_000879.3"	190.955397611672	-2.6442189851989	0.584595369360807	-4.5231610166363	6.0922857418227e-06	0.00336730876616832
"NM_003242.6"	2403.95661489742	0.722189740329198	0.160001682603863	4.51363841039857	6.37248280538329e-06	0.00349128209277039
"NM_002286.6"	2455.73739922936	-1.59033680837574	0.353029968894361	-4.50482097414122	6.642892116599e-06	0.00354611207629422
"NM_004488.2"	38.0564095122829	1.52747527176655	0.33888189750626	4.50739706961872	6.5627749491246e-06	0.00354611207629422
"NM_001161726.2"	753.750475068712	-0.731531849266274	0.162382271990473	-4.50499823841111	6.63734931353759e-06	0.00354611207629422
"XR_001747854.1"	32.8929135123336	-8.48048215233592	1.88399493185662	-4.50132959963892	6.75296921069076e-06	0.00357432371179757
"XM_011517540.3"	975.264233872723	0.631401752915917	0.140405577239453	4.49698484440614	6.89238990080684e-06	0.00361746215155204
"XM_011512447.3"	93.2854285463909	1.42865577175125	0.318319906410137	4.48811319362011	7.18567484941185e-06	0.00372016639086863
"NM_001684.5"	1824.54639013116	-1.04316177445799	0.232460703667018	-4.4874757668816	7.20720068679418e-06	0.00372016639086863
"XM_024446887.1"	18.7078067377376	5.57155685336528	1.24361502749366	4.48012988761803	7.45976294220303e-06	0.00376305287091352
"NM_058175.2"	315.381431232712	1.38853280383983	0.309721826209366	4.4831609732961	7.35454072227013e-06	0.00376305287091352
"NM_199335.5"	2531.74942143305	0.737500481758696	0.164627715235196	4.47980755066096	7.47103696932732e-06	0.00376305287091352
"NM_182907.3"	1054.72127162191	-1.35013838524977	0.302101231627749	-4.46915882459367	7.85278066987852e-06	0.00392368897838882
"NM_001946.4"	309.010119567894	-1.8560671924187	0.416504761655293	-4.45629285255284	8.3389100062879e-06	0.00413351827192638
"XM_017002033.1"	196.395106424546	-0.693523392439907	0.155742533226054	-4.45301214815406	8.46739618779541e-06	0.0041641587693003
"XM_017009312.1"	26.5501212705147	8.26015734564298	1.85654048389063	4.44922015830903	8.61826397593546e-06	0.00420524150894532
"NM_003255.5"	43.7591719518811	2.33663284513244	0.525976139851507	4.44246928347761	8.89323323313272e-06	0.00430577262047884
"NM_001352686.1"	1624.96963346568	1.24134147531318	0.280134417151865	4.4312351475193	9.36948453881987e-06	0.00446709844153491
"NM_003789.4"	442.193622952794	-0.499245377495387	0.112638522547552	-4.43227917238192	9.32421802302679e-06	0.00446709844153491
"NM_002660.3"	60.1511307646069	0.991284929235537	0.223913648374486	4.42708578254084	9.55147543301957e-06	0.00448998056756199
"NM_001037984.3"	1160.2741937256	-0.515050801599663	0.116346627164315	-4.42686491351627	9.56125679244512e-06	0.00448998056756199
"NM_001034850.2"	280.845470905449	1.03170038915585	0.233667915714414	4.41524197278662	1.0089706486429e-05	0.00470278207479774
"XM_017004332.2"	11.3228382044018	-6.94050082443278	1.57710718659562	-4.40077940384934	1.07862738948915e-05	0.00488172687429883
"XM_006720657.1"	81.9196893208884	-1.6925782657426	0.384422847364347	-4.40290757260432	1.06809677791985e-05	0.00488172687429883
"NM_001242.4"	1926.65199812502	1.12772782218976	0.256157096263846	4.40248518833999	1.07017898148528e-05	0.00488172687429883
"NM_012260.4"	500.430001593976	-0.723364929557784	0.164319641105541	-4.40218177626845	1.07167708609081e-05	0.00488172687429883
"NM_201632.5"	826.926435389364	1.94984916585156	0.443898927471989	4.39255209954207	1.12027772236948e-05	0.00503375436734031
"NM_001244638.2"	322.150365765442	-1.92198312445399	0.439113640586732	-4.37696064710239	1.20345692349768e-05	0.00536887921934961
"NM_001280539.2"	476.402712287041	-2.1966509725444	0.502487883386584	-4.37155013119874	1.23367515927125e-05	0.00542617249454962
"NM_031438.4"	48.5859741011272	1.61337876804265	0.368985254951896	4.3724749062208	1.22845940749027e-05	0.00542617249454962
"NM_003945.4"	2205.68487245655	-0.311434004202468	0.0712990342724893	-4.36799751048851	1.25390922416119e-05	0.00547660198695351
"NM_001195328.1"	327.644799961142	-0.564456154114527	0.129307117215233	-4.36523654900591	1.26985265191043e-05	0.00550772132502566
"XM_011519256.1"	77.4247181900912	-6.797136705019	1.56383799034335	-4.34644556980397	1.38361365512926e-05	0.00587481299466353
"NM_006158.4"	15.7131937962647	-3.13755516923176	0.721895709302386	-4.3462720844591	1.38470788899997e-05	0.00587481299466353
"XM_006724748.3"	28.7500760515895	1.55137041979045	0.356849927029985	4.34740293406335	1.37759003616175e-05	0.00587481299466353
"NM_001308043.2"	1250.52752448094	-0.682447253878136	0.157061295659023	-4.34510138869423	1.39211349121828e-05	0.00587481299466353
"NM_022171.2"	502.50477300511	-0.301224768005449	0.0693714390987529	-4.34220151576564	1.41062057048299e-05	0.00591296167588298
"XM_011529667.3"	50.7947652223993	3.77255691984394	0.870118895816286	4.33567979960346	1.45310341112951e-05	0.0060103628972792
"NM_000417.3"	8526.92535287656	-0.832112286117854	0.191867428091068	-4.33691270267563	1.44497980418275e-05	0.0060103628972792
"NM_015111.2"	432.29420427357	1.53648808056888	0.35569542459598	4.3196734462191	1.56260254218081e-05	0.00642075440638073
"XR_245039.3"	747.434252832739	-1.77733564168853	0.411646328943208	-4.31762781961729	1.57715077738687e-05	0.00643817686949357
"XM_024452772.1"	29.415428001078	7.67951744906447	1.78050427640231	4.31311373459978	1.60971255435561e-05	0.00651754665864386
"NM_003650.4"	1929.94199632582	-0.925900750699501	0.214723933744157	-4.31205191966496	1.61746438684182e-05	0.00651754665864386
"NM_000572.3"	80.2686923959961	-3.0684133784316	0.714156761323321	-4.29655440459021	1.73473407838414e-05	0.00694527476497681
"NM_001161564.3"	22.3178310097925	6.91634558126018	1.61245622801864	4.28932299747379	1.79218576616778e-05	0.00699590914984632
"XM_011520956.1"	390.597832989332	-1.46992821489128	0.342625369130581	-4.2901908245185	1.78519657638053e-05	0.00699590914984632
"XR_001754295.1"	633.29968337072	1.07237301963155	0.249999081831312	4.28950783249332	1.79069498508706e-05	0.00699590914984632
"XM_024452296.1"	322.511038785536	-0.925901365051661	0.215849245455803	-4.28957424936308	1.7901595904944e-05	0.00699590914984632
"XM_024453837.1"	9.09472636431337	6.71366393247531	1.56654155190094	4.28565965858264	1.82197740818743e-05	0.00706802751448214
"NM_000311.5"	1294.05065019824	-0.657263722339533	0.153490928155809	-4.28210142603571	1.85136554142933e-05	0.00713769985315134
"NM_001099856.5"	73.2985081359434	-1.2144357487868	0.284266953865124	-4.27216646984231	1.93582970095796e-05	0.00741755310630254
"NM_004529.4"	797.094272613996	0.487158898876614	0.11406807153981	4.27077351532672	1.94796155549742e-05	0.0074185265165672
"NM_080604.3"	29.8565716874056	-3.06103032211959	0.7172736081341	-4.26759089893533	1.97595265673313e-05	0.00747951970191402
"NM_001277961.1"	83.2560793244637	0.704921863089254	0.165274607454819	4.26515527064228	1.99763229441001e-05	0.00751603133807024
"NM_025159.3"	84.9923027872762	1.28725997937941	0.302134382696863	4.26055441916038	2.03920421421104e-05	0.00762650165311252
"XM_011522038.2"	23.8832253478298	8.10672343133145	1.90560617880919	4.25414417809946	2.09850062538668e-05	0.00775538778460213
"NM_001164766.2"	79.4826071937392	0.760335021611868	0.178690615117894	4.25503611988925	2.09015271207667e-05	0.00775538778460213
"NM_001145459.1"	2026.15807383441	-1.6526649174847	0.388752116401557	-4.25120493949312	2.12623493833624e-05	0.00776597985635475
"NM_018593.5"	98.3151069617417	1.50233622366594	0.353335113901895	4.25187354598181	2.11989555268089e-05	0.00776597985635475
"NR_036650.1"	330.140354019303	1.55840600082602	0.366778132325762	4.24890652816206	2.14816523645439e-05	0.00777771104145162
"XM_024447173.1"	39.9307864621272	0.965377661662193	0.227277772972537	4.24756741073332	2.16104152436569e-05	0.00777771104145162
"NM_145799.4"	3342.7432805051	0.686005071983479	0.161528102099843	4.24697042227023	2.16680551613523e-05	0.00777771104145162
"NM_004513.6"	1828.13613035423	1.18038516768167	0.27807953121469	4.24477545156087	2.18812428249294e-05	0.00780935304638064
"NM_033054.3"	6007.84013568466	-0.581558539637515	0.137113792866321	-4.24142989177248	2.22100268329388e-05	0.00788165707900489
"NM_005384.3"	612.561756358555	-1.70612187984634	0.40266572526771	-4.23706755451319	2.26458017113441e-05	0.00799089738692325
"NM_001282699.1"	51.6489336935186	2.49939791057432	0.590460448698627	4.23296414871306	2.3063128160381e-05	0.00809243705344336
"NM_003975.4"	1308.59647206161	-0.552720892381809	0.130804973787905	-4.22553421613788	2.38374599939118e-05	0.00831740915552932
"XR_937200.2"	20.925288009341	2.25665279817067	0.534831780595713	4.21936930460105	2.44986691466263e-05	0.00850062988272687
"NM_052932.3"	9810.0154960791	0.347014708089979	0.0823939110842298	4.2116547633627	2.53506780338827e-05	0.00874766462962549
"NM_207585.2"	213.135503860096	0.783599923242849	0.18666567653116	4.19787899845659	2.69426515219894e-05	0.00924591860499393
"NM_016608.2"	102.744373221376	1.33097877752252	0.317593459815683	4.19082552359535	2.77941336744979e-05	0.00948600113064545
"NM_007024.5"	658.059221197759	-0.325342469226331	0.0776587873421799	-4.18938384645137	2.79712911665648e-05	0.00949458115429423
"NM_052941.5"	5981.51958272906	0.908953177696687	0.217254026103997	4.18382661991074	2.86642758822276e-05	0.00967721447987182
"NM_138801.3"	621.175362659608	-0.942775640428182	0.22595538093462	-4.17239738451271	3.01411357519564e-05	0.0101211016970964
"NM_001308036.1"	299.560711723168	-0.509198159370999	0.122122856076415	-4.16955659022896	3.05192830869356e-05	0.0101932773463141
"XM_024448740.1"	252.242444427799	0.402022412781043	0.0965515477529264	4.16381116758284	3.12978990299757e-05	0.0103977280835914
"XM_017004491.2"	18.2564786989816	-4.08451369712519	0.981792641505402	-4.16026106170681	3.17884027653017e-05	0.010504805669378
"NR_125388.1"	14.288921115121	-1.45243579565416	0.349860640400335	-4.1514695508251	3.30347221151537e-05	0.010859208627085
"NM_005253.4"	1285.46490306723	-1.18753491549117	0.286242339860477	-4.14870461186842	3.34361916046507e-05	0.0109336346547208
"NM_001305066.1"	367.69921645966	-0.514019536974311	0.124067163578768	-4.14307478423143	3.42680138048994e-05	0.0111472778031906
"NM_001031804.3"	1895.67010534353	-1.51313686131247	0.365330449606594	-4.14183067122352	3.44544680322756e-05	0.0111498586004758
"NM_017831.4"	2012.83887714224	-1.34823315130455	0.325672715255368	-4.13984066871357	3.47547127136281e-05	0.0111890468657478
"NM_001005466.2"	9.88819348155605	2.44273117982426	0.59155173025942	4.12936190509158	3.63771416312676e-05	0.0115918731370616
"XR_001740249.2"	35.3655094704096	1.47503905062139	0.357192486104931	4.12953549697033	3.6349688021051e-05	0.0115918731370616
"XR_930709.2"	11.6392612532562	-3.75501066043491	0.909676102381988	-4.12785457439456	3.66163555147887e-05	0.0116088716567876
"NM_001783.4"	64.9259442388486	1.29782440311579	0.314500199868939	4.126625050339	3.68125866309595e-05	0.0116121400162113
"XM_011536255.2"	24.9565068984085	-1.94996714321953	0.474462958041704	-4.10984063174881	3.95932273649573e-05	0.0124265035252922
"NM_138435.4"	71.9823444552803	1.29618947389333	0.315725327612421	4.10543393428516	4.03556610683186e-05	0.0126024676167199
"NM_000861.3"	235.09383350185	-4.44581586829939	1.08377719273768	-4.10214931453671	4.09329970394681e-05	0.012694608653411
"NM_148976.2"	420.717256977617	0.533153131514354	0.129991430076867	4.10144831239327	4.10572225369297e-05	0.012694608653411
"XM_017022206.2"	156.812043818481	1.0212862750104	0.24960310848699	4.09164085015246	4.28331662843757e-05	0.0131784781607057
"NM_001024956.2"	158.310200079713	0.999941838725099	0.244509497062886	4.08958282085837	4.32149744350347e-05	0.0131836185188622
"XM_011538970.2"	92.7053386590025	0.84865234956931	0.207531162629	4.08927670822349	4.32720399053228e-05	0.0131836185188622
"NM_014755.3"	901.593766077288	0.64830375871332	0.158785347414886	4.08289410369449	4.44782940911219e-05	0.0134853437575204
"XR_001738138.1"	83.1353125405684	-1.54332677510576	0.378294999319892	-4.07969118777777	4.50955678917276e-05	0.0136064438831576
"NM_001004019.2"	7.84435543831908	6.49969924024379	1.59604107455337	4.0723884515708	4.65334875924843e-05	0.0137270865513206
"XM_017008731.2"	120.565115322295	-1.63266632216595	0.4011786825815	-4.06967367174169	4.70790340087194e-05	0.0137270865513206
"XM_006724509.4"	138.443981444304	1.49164109894346	0.366164695750458	4.0736890155025	4.62742626974247e-05	0.0137270865513206
"NM_198490.2"	1588.40162177727	0.997503599276054	0.245208944830539	4.06797394754672	4.74236819653589e-05	0.0137270865513206
"NM_003498.6"	391.853933537953	0.825818439630663	0.203017056132203	4.06772935911796	4.74734728706992e-05	0.0137270865513206
"NM_173216.2"	2246.12052959864	-0.73944633770286	0.181595403931805	-4.07194412244346	4.66223652230003e-05	0.0137270865513206
"NM_014624.4"	1959.3634182587	-0.671732770060024	0.165124764993579	-4.06803164919656	4.74119428517311e-05	0.0137270865513206
"NM_021199.4"	1978.65583293761	-0.479102007751443	0.11762747478985	-4.07304508242989	4.64024380712405e-05	0.0137270865513206
"NM_002408.4"	1761.47339974081	-0.389809307332951	0.0956465131651457	-4.07552031363545	4.59115740023836e-05	0.0137270865513206
"NM_172341.4"	420.947437707856	-0.427477312623037	0.105165294364903	-4.06481354143101	4.80708766579604e-05	0.0138357730111808
"NM_016619.3"	644.405914769008	1.64109528355492	0.404265206543891	4.05945220362848	4.91879746990946e-05	0.0140923547512906
"NM_001080425.4"	424.94891859449	0.802494955074755	0.197816511545224	4.05676426505627	4.97572574352946e-05	0.0141903608567863
"XM_011511121.1"	10.24566576755	-4.16415129481019	1.02863612042453	-4.04822581292556	5.16073441245678e-05	0.014559822376448
"XM_017024523.1"	30.1358108573593	-2.09039652287903	0.516304085555258	-4.04877005889063	5.14874993171709e-05	0.014559822376448
"NM_015054.2"	877.553482929778	-0.669986301526291	0.165528030830836	-4.04757005906144	5.17520945221745e-05	0.014559822376448
"NM_002015.4"	1846.4284137382	0.319728023728703	0.0790372530372867	4.04528259070274	5.22600456518584e-05	0.0146367967321889
"XM_017019047.1"	139.143682036831	-0.716324845712508	0.177193570053949	-4.0426119610007	5.28590586341556e-05	0.0147384742192565
"NM_001099660.1"	710.745223694542	1.73928084009685	0.430508429891455	4.04006221326578	5.3437024643448e-05	0.0148334055473593
"NM_001352670.1"	432.638129035349	0.900822349166088	0.22340722313848	4.0321988542318	5.52573993263679e-05	0.0152708468571989
"XM_011529286.2"	134.911188851395	1.90257366232321	0.472339050732525	4.02798299097356	5.62574124946273e-05	0.0154787189963742
"XM_006719766.3"	17.6889497347488	-7.58616921295623	1.88849517425645	-4.01704453173575	5.89325909108914e-05	0.0157508303789317
"NM_005098.3"	681.406259042755	-1.84276124775115	0.458503999646131	-4.019073441395	5.84274581294413e-05	0.0157508303789317
"NM_000757.6"	1693.89198734503	-1.50709845678637	0.37511031347277	-4.017747320338	5.87571529707082e-05	0.0157508303789317
"NM_001365725.1"	33.9252393298127	1.38255414443443	0.343914455078277	4.02005244042375	5.81851883093522e-05	0.0157508303789317
"NM_002751.7"	504.647349917043	-0.527504086864128	0.13112938451011	-4.02277558790386	5.75162934214451e-05	0.0157508303789317
"XM_006715555.1"	1333.81302002832	-0.400915280769144	0.0998114029212606	-4.01672823981263	5.90117089945084e-05	0.0157508303789317
"NM_006285.3"	1052.97069953581	-0.289097279896099	0.0719280336335083	-4.01925737841136	5.8381867051043e-05	0.0157508303789317
"NM_153270.3"	29.3084853232968	1.58799771603359	0.39578221593784	4.01230184704153	6.01295461748568e-05	0.0158863031335439
"NR_024205.3"	46.9499259800811	-1.49837461142911	0.373500892277719	-4.01170289658902	6.02823357293803e-05	0.0158863031335439
"XM_006718254.1"	2054.29073597924	0.379187628499507	0.0944790180893739	4.01345860877606	5.98354988630909e-05	0.0158863031335439
"XM_011517407.1"	9.88347283136678	5.25908513994028	1.311569627151	4.00976435491581	6.077937320886e-05	0.0159499887080074
"XM_017026105.2"	6.09471019181559	-6.04932877060986	1.51218368666249	-4.00039282526663	6.32374224437269e-05	0.0161208967084402
"NM_000240.3"	360.949911029925	-2.73509250560757	0.683485160259913	-4.00168528101982	6.28929177928115e-05	0.0161208967084402
"NM_001002295.2"	757.811875822751	-1.75244235685063	0.437519850719038	-4.00540079260539	6.19124146972781e-05	0.0161208967084402
"XM_017029233.1"	97.7888805154384	1.28230499587674	0.32037950185032	4.00245642580414	6.26882158703596e-05	0.0161208967084402
"NM_012335.4"	886.295219419565	-0.822640482904308	0.205395876890119	-4.00514603973476	6.19791777842992e-05	0.0161208967084402
"NM_005544.2"	229.774595452257	0.747098103037691	0.186578572693035	4.00420097685515	6.22274463276658e-05	0.0161208967084402
"NM_001102420.3"	818.001224396002	-0.406870458756762	0.101698313519861	-4.00075915395888	6.31395963955812e-05	0.0161208967084402
"NM_001037535.2"	97.5505025442472	1.2128362334335	0.303271839140776	3.99917195368247	6.35644863461729e-05	0.0161384029419631
"XM_011513400.2"	85.8828070504392	-1.26286237958553	0.315988309629808	-3.99654778705268	6.42729119893906e-05	0.0162521994498841
"NM_002166.5"	4293.4182205018	-0.562659315404771	0.140835277684671	-3.99515891653625	6.46508723191714e-05	0.016281852953381
"NM_001197051.2"	996.839851767981	-1.60882231054956	0.403112394847912	-3.99100184244283	6.57947691575189e-05	0.0164373755890846
"XM_011510499.2"	321.35659613777	-0.896809339634995	0.224675687777155	-3.99157269087565	6.56365627053586e-05	0.0164373755890846
"XM_024453871.1"	296.464142866419	-0.739798068926419	0.185493858952316	-3.98826178454023	6.65591926313659e-05	0.0165621015704272
"NM_001161563.3"	14.3357091167875	6.63923267455366	1.66916434590029	3.97757877518807	6.96205616151787e-05	0.0172551246698382
"NM_002526.4"	65.6485050970442	1.71123806428329	0.430782979771683	3.9723901468676	7.11550532833563e-05	0.0174481853132478
"NM_144489.3"	19.9697399950166	1.61414972408649	0.406371924281933	3.97209951681265	7.12419439519781e-05	0.0174481853132478
"XM_017015093.2"	39.2752133775549	1.47001404502961	0.370004811873859	3.97295926392105	7.09851926836054e-05	0.0174481853132478
"NM_003105.6"	3367.0995198174	0.535779652577312	0.13491692827837	3.9711818184287	7.15169707189178e-05	0.0174481853132478
"NM_001321042.1"	15.8763601817698	2.28517766493584	0.576100449590971	3.96663058770099	7.28958431967157e-05	0.017646727436191
"XR_937438.2"	154.674836854811	1.76545055240802	0.444991297695812	3.96738219724658	7.26664101200393e-05	0.017646727436191
"NM_001002029.3"	62.2739201439849	-3.28301520157794	0.828447754776933	-3.96285122706612	7.40599362702331e-05	0.0176593786356157
"NR_001591.1"	17.4361663434081	2.4900895479356	0.628810239172735	3.96000159159554	7.49492638594437e-05	0.0176593786356157
"XM_005264231.4"	74.6185120435826	-1.39602597583034	0.352685386103784	-3.95827564973031	7.54928045809019e-05	0.0176593786356157
"NM_001163922.2"	110.867044573733	-1.23655052063039	0.312189570300373	-3.96089632155439	7.4668950421545e-05	0.0176593786356157
"NM_001166348.2"	188.237243421635	-1.07816905607579	0.271983834485713	-3.96409241789855	7.36757079448645e-05	0.0176593786356157
"NM_004225.3"	1425.76869710668	-0.739104914069974	0.186718578206346	-3.95838979264921	7.54567434237712e-05	0.0176593786356157
"NM_024536.6"	619.024801888653	-0.531794256712541	0.134219316554068	-3.96212907624451	7.42843596051018e-05	0.0176593786356157
"NM_007188.5"	952.152537408431	-0.317878908691141	0.0802036767973064	-3.96339571182623	7.38911505058875e-05	0.0176593786356157
"NM_001164213.2"	784.360642943658	0.263512683788749	0.0665316544325765	3.96071142430095	7.47267962054575e-05	0.0176593786356157
"NR_146322.1"	20.0758047307689	1.60777159637999	0.406445319391755	3.95568978081976	7.63141376972047e-05	0.0177848958886355
"XM_017017645.1"	16.656374751695	-7.49846074542598	1.90036345791803	-3.94580347995169	7.95328262563034e-05	0.0183298218800367
"NR_033998.1"	10.3335340599768	2.18307754295713	0.553213454583344	3.94617579321408	7.94093211492841e-05	0.0183298218800367
"NM_001145636.2"	383.548398245429	1.22843509261495	0.311258208236992	3.94667533291081	7.92438968335738e-05	0.0183298218800367
"NM_025201.5"	718.992286828221	-0.305108445920352	0.0773990554296701	-3.94201769293676	8.0799014565572e-05	0.0185531766644189
"XM_024453483.1"	84.5148279650526	-1.84502955969164	0.468304294534915	-3.93980918224118	8.15464449667079e-05	0.018656213601779
"NM_012244.4"	82.7413011161276	1.95709066700113	0.497030113969425	3.93756959990057	8.23110615976227e-05	0.0186941889971008
"NM_004419.4"	1636.82769607713	-0.749560420560211	0.190345992711069	-3.93788390227888	8.22033482495872e-05	0.0186941889971008
"NM_001322892.2"	1279.89882117186	1.06399294938472	0.270410758927752	3.93472860918599	8.32907573114167e-05	0.0188481551789824
"XM_011519249.1"	25.7289347068096	-6.58168937711257	1.67585957995936	-3.92735134603114	8.58864716964676e-05	0.0193653839810335
"NM_198507.3"	135.976549763248	-0.694953559604301	0.177230598121334	-3.92118272448941	8.81154120060915e-05	0.0197964902433973
"NM_004772.4"	40.983790501398	1.74060711081338	0.444851917483968	3.91277870770583	9.12401390978842e-05	0.0202796632300233
"NM_139266.2"	5398.42452522754	1.02031130933737	0.260705208185972	3.91365909579196	9.09079560655203e-05	0.0202796632300233
"NM_000594.4"	4129.63258874396	-0.661506335553041	0.16903112376354	-3.91351794169239	9.09611385226924e-05	0.0202796632300233
"NM_002951.5"	2946.08976803062	-0.339680596969278	0.0868651657242663	-3.9104351455164	9.2129995566779e-05	0.0204048338053699
"NM_005450.6"	40.9698225585175	4.04966058485003	1.03714844498035	3.90461038094384	9.4377309300232e-05	0.0208287053249632
"NR_110920.1"	41.455490665264	-1.79554509012004	0.46071503886871	-3.89730080122632	9.7270772413308e-05	0.0213916923683732
"NM_001321096.3"	197.845082408868	1.6827849783741	0.431950404101307	3.89578285468956	9.78820553462127e-05	0.0214505948447663
"NM_019609.5"	40.6324601835346	1.43948408233252	0.370111481510893	3.88932566062572	0.000100523151540474	0.0218758692535309
"NM_032431.3"	484.774019247393	-0.469300425504794	0.120638875231385	-3.89012600295449	0.000100192183992791	0.0218758692535309
"NM_016113.5"	369.55122745332	-0.725099575623517	0.186571322074977	-3.88644711073079	0.000101722076375621	0.0220599157090005
"NM_001136018.3"	111.877896352287	1.06936477360883	0.275534839520279	3.88105103322197	0.000104006011502716	0.0224771746035472
"NM_018717.5"	18.2267942938451	1.61231594127269	0.415582698921659	3.87965125943952	0.000104606334886582	0.0225289581310734
"NM_020802.4"	65.8270728026025	-0.989561762024398	0.25521779589653	-3.877322733504	0.000105612223989165	0.0226498017150977
"NM_004872.5"	706.624221416803	-0.475734802167546	0.122717158628893	-3.87667712879671	0.00010589272780967	0.0226498017150977
"NM_001144989.2"	235.911481468795	0.722217669969349	0.186508082906351	3.87231297815648	0.000107807392808826	0.022980635947648
"NM_078629.4"	601.862073834829	1.35596355540205	0.350420695198385	3.86953046433056	0.000109045155816845	0.0231654193770499
"XM_011519521.3"	15.1998311009869	7.45617479320888	1.92829027267314	3.86672841681277	0.000110305148880423	0.0232747590662993
"NM_004943.2"	565.64327994241	-0.684044207029832	0.176897444371081	-3.86689705700271	0.000110228929866103	0.0232747590662993
"XM_005269132.4"	292.431278146796	0.885534875330752	0.229109867144461	3.86511016032494	0.000111039071853429	0.0233507316860255
"NM_001281726.1"	55.1678381860875	-1.31336706787155	0.340171296825505	-3.86089914148533	0.000112970532194008	0.023642815933837
"NM_005801.4"	10615.8344727771	-0.268474237870315	0.0695450645170001	-3.86043552817019	0.000113185102778188	0.023642815933837
"XM_017018463.2"	8.00297750013124	6.52925230081173	1.69330907240766	3.85591290285123	0.000115298537109957	0.0240040024409219
"NM_005730.4"	2771.74945998935	0.575338741933066	0.149286591225981	3.85392108700608	0.00011624107459013	0.024119829885966
"NM_001558.3"	3259.94089501862	-0.831082521892147	0.21577719485606	-3.85157719028901	0.000117359524749464	0.0241911677797929
"XM_011533329.2"	1370.14481215476	-0.464814746087436	0.120676611186573	-3.85173847290762	0.000117282240657631	0.0241911677797929
"NM_018158.2"	978.101823775179	-0.318421648197566	0.082773866724388	-3.84688623110738	0.000119628484101135	0.0245777507615283
"XM_017002232.1"	153.874885534498	-2.57081974452415	0.668650637072716	-3.84478769926689	0.000120656852484119	0.0246932245248413
"NM_001242384.1"	167.373575259848	-1.60022348571451	0.41627723871152	-3.84412919300511	0.000120981262382142	0.0246932245248413
"NM_199186.2"	46.5160250422333	-1.18167167106296	0.307540936072844	-3.84232319167772	0.000121875205801601	0.0247946570969074
"XM_017006135.1"	10.6577927877589	-6.11568276520158	1.59250236877503	-3.84029743698643	0.000122885332867801	0.0249189910224813
"XR_002959325.1"	315.836288794375	0.959175736057658	0.24982537052559	3.8393848232456	0.000123342974848187	0.0249308484792661
"NM_001353792.2"	264.259380102039	1.06641873610345	0.278128385007537	3.8342678906166	0.000125938829511901	0.025373424112338
"NR_102756.1"	30.6220305027527	1.4784641043654	0.385861526957324	3.83159242649479	0.000127316527633226	0.0254865652768858
"NM_174905.3"	161.238759016821	-0.475234225246084	0.124021348339072	-3.83187436365232	0.000127170680685784	0.0254865652768858
"NM_033138.4"	26.8721733915378	-2.70692056149823	0.706626287983436	-3.83076685304649	0.000127744506506303	0.0254905387950932
"NM_006762.3"	7835.90799645374	0.719591908868173	0.187948784498901	3.8286595509873	0.000128843091887001	0.0255465174285282
"XM_024453752.1"	1017.14114201577	0.711976442024812	0.18592923034001	3.82928730852494	0.00012851489969332	0.0255465174285282
"NM_025241.3"	1055.26676072367	-0.336986918470818	0.0880383489446105	-3.82772873992484	0.000129331174913614	0.0255621430113279
"NM_006218.4"	471.42053549868	0.384943792740257	0.100667262387159	3.82392233196719	0.000131345305425093	0.0258783398767667
"NM_018373.3"	393.804256867998	0.582889348854399	0.152516226746014	3.82181857819684	0.000132471135308083	0.0259907564707327
"NM_138347.5"	310.059864469521	0.546201024343691	0.142935786515958	3.82130352137328	0.000132748151755027	0.0259907564707327
"NM_001004431.3"	309.421231366159	-1.80512870293692	0.472664422249674	-3.81904924078123	0.000133967021398548	0.0260659758737978
"XM_017014849.1"	38.8731404942842	-1.09527755852356	0.286782954318931	-3.81918639873381	0.000133892561055423	0.0260659758737978
"NR_024256.1"	65.0585986418587	-2.9272354465755	0.768855913806058	-3.80726140491636	0.000140514196673535	0.0270442569818382
"NM_021116.4"	26.8338726874469	-2.29820648533312	0.603697045151935	-3.80688708647682	0.000140726956451597	0.0270442569818382
"NM_001195283.2"	56.4235674607155	-1.01012479157832	0.265339707197071	-3.8069115333277	0.000140713051789896	0.0270442569818382
"NM_005160.4"	528.000364236348	0.650992925187268	0.170902405476682	3.80915016012509	0.000139445255838192	0.0270442569818382
"NM_006988.5"	11.2025511527869	-1.99640560840731	0.524795269681074	-3.80416082946129	0.00014228571767158	0.0272230229941271
"NM_005797.4"	301.47222544603	0.908048940287921	0.238725415979108	3.80373801659807	0.000142528916199618	0.0272230229941271
"NM_001109.5"	1359.52284268971	-0.657565829513198	0.172933742430603	-3.80241484554163	0.000143292525436537	0.0272854306743591
"NM_021626.3"	502.876463875376	-0.948081340583468	0.249522526445647	-3.7995821623343	0.000144940254477629	0.0274427119462106
"NM_032867.3"	43.7871292090218	-0.947381811471669	0.249344817068557	-3.79948467591844	0.000144997277202708	0.0274427119462106
"XM_005248569.3"	583.036274147144	-0.277352470118523	0.0730221499056897	-3.79819644418484	0.000145752789351913	0.0275023624306719
"NM_001166114.2"	2280.76614341171	-0.404497906924598	0.106563258370042	-3.79584777259695	0.000147139768976584	0.0276804474426823
"XM_011540403.2"	313.29656279799	-0.832176464642369	0.219539907707117	-3.79054757439617	0.000150315537058039	0.0281929654595613
"XM_006719435.2"	91.4526930948928	1.39098896300362	0.36712754336056	3.78884392674814	0.000151349956381331	0.028301988699727
"NM_014187.4"	572.426464205823	-0.492295693509221	0.130007584210009	-3.78666903550787	0.000152680244614689	0.0284655225011929
"XM_024450159.1"	166.494972619627	-0.612455213465602	0.161871786020665	-3.78358223209703	0.000154587217763436	0.0287352793447945
"XM_011543929.2"	13.6392271722769	-7.20986384023236	1.90821286794077	-3.77833309970958	0.00015788160953035	0.0292605688024838
"NM_001271223.2"	941.540395964896	1.1862138734404	0.314024083389894	3.77746146294007	0.000158435010710987	0.0292762587691602
"NM_005135.2"	958.21459232668	1.33786662201919	0.35443654889656	3.77462941162322	0.000160245704500553	0.0295234984247523
"XM_024452564.1"	138.908810369222	-1.39922892229475	0.370771640566193	-3.77382941197455	0.000160760706993643	0.0295312690491234
"NM_000588.4"	205.42007806621	-1.76074347307776	0.466699495992644	-3.77275632006578	0.00016145395959019	0.0295716420942068
"NM_145861.3"	102.231979963007	-1.70384763714367	0.451762114282326	-3.77155937445179	0.000162230544179259	0.029626997362
"XM_011536064.3"	13.7086678354006	-2.82476986208828	0.749925402764078	-3.76673446675726	0.000165396750369655	0.0300680339714248
"NM_138444.4"	428.242696432256	0.682459311443908	0.181195992088007	3.76641504913882	0.000165608397556241	0.0300680339714248
"NM_014746.6"	1348.13077611522	0.951776570341564	0.253016506829682	3.76171729768704	0.000168750722442959	0.0305497503525215
"NM_001277053.2"	516.462132742209	0.752394792995437	0.200079222122454	3.76048439720018	0.00016958465268679	0.0306119903261817
"NM_198282.4"	607.359905075658	-1.10283050204641	0.293348891836671	-3.75945003624024	0.000170287280174278	0.0306502382070458
"NM_001130004.1"	273.558527250968	0.998183937003578	0.265685945726893	3.75700692135835	0.000171957742378302	0.0308619675739127
"XR_001744140.1"	66.8633058427056	-2.30446195108585	0.61404734129981	-3.75290599941005	0.000174796413165305	0.0311033036383631
"NM_024333.3"	163.758744274543	1.00760199114958	0.268454710427296	3.75334070147545	0.000174493435989027	0.0311033036383631
"NM_016145.4"	1022.00060158011	-0.267379514343486	0.0712434109143543	-3.75304201345607	0.000174701561414975	0.0311033036383631
"NM_000619.3"	7888.4378473837	-1.59600601743877	0.425443558386662	-3.75139307195303	0.000175854749936277	0.0312027276044604
"NM_139211.4"	399.858685641377	-1.34979055404548	0.360041175561148	-3.7489894091745	0.000177548582300077	0.0314140277753991
"NM_001256798.2"	470.603995806859	0.61507962731523	0.164122002490569	3.74769755414465	0.000178465263611161	0.0314870196874641
"NR_104126.1"	11.832841292932	-2.27380302953381	0.606975140800856	-3.74612216660752	0.000179589158038473	0.0315960564608702
"NM_006121.4"	14.025829222505	-3.71965676892069	0.993447298175169	-3.74419133833592	0.000180975703628106	0.0316388193415171
"XM_017005191.2"	2712.61864550718	-0.847454699734007	0.226370042907048	-3.74366982861768	0.000181351927314202	0.0316388193415171
"NM_001099693.1"	7837.07981874709	0.436644349864299	0.116614961140922	3.74432530433759	0.000180879177396981	0.0316388193415171
"XM_005261702.3"	848.55220493143	0.463472287440058	0.124029712763078	3.73678433268152	0.000186388659213187	0.0324269540069025
"NM_016545.5"	3125.729353815	-0.563370881641573	0.150844365209692	-3.73478240873247	0.000187877556970638	0.0325951904880976
"NM_001256254.2"	7.97216747415003	-5.68617741942199	1.52385319804811	-3.73144698367623	0.000190383079681259	0.032676632033931
"NM_001145460.1"	45.2083448443318	-2.35413144744416	0.63078898846021	-3.73204271239852	0.000189933285676146	0.032676632033931
"NM_130795.4"	153.267401640617	1.13558350883861	0.304334034102984	3.73137205040413	0.000190439727498133	0.032676632033931
"NM_177947.3"	748.300826411479	-0.459503541433984	0.123121321300205	-3.73211996574973	0.000189875030167027	0.032676632033931
"NM_001145856.2"	100.301819512138	1.12163394061798	0.300755190591563	3.7293917967361	0.000191942506918575	0.0327769283548547
"XM_005258259.4"	1398.55365690065	-0.69602115435729	0.186639903473804	-3.72921942951488	0.000192073839247431	0.0327769283548547
"NM_012068.5"	291.475107332169	-0.37252088020782	0.0999529538097499	-3.72696219580339	0.000193801513520181	0.0329816379562123
"XM_011526046.3"	296.195104127541	-1.72194781302207	0.462137246943838	-3.72605286505143	0.000194501628147325	0.0330108374706453
"NR_038461.1"	156.040968526604	-1.8848636575675	0.506894275717304	-3.71845520429331	0.000200444828099123	0.0339273241967126
"NM_001297429.2"	20.0785127361447	7.12613568456482	1.91753282489705	3.71630440534827	0.00020215800496971	0.0340193315649073
"NM_001114182.2"	30.5950225385268	-6.88178798137694	1.8519765035568	-3.71591538454195	0.000202469337154463	0.0340193315649073
"NM_001290325.1"	416.522803070784	-0.487025135212982	0.131095335941579	-3.71504547980272	0.000203167149778415	0.0340193315649073
"NM_001013251.3"	6248.7114900197	-0.409748935808672	0.110286271617373	-3.71532131605874	0.000202945637606284	0.0340193315649073
"XM_017016175.1"	15.8784675723057	-1.90110968739449	0.512047739163804	-3.71275867851519	0.000205012347449433	0.0342365138626985
"NM_001035254.3"	2797.61059240596	1.04727837713632	0.282340580962713	3.70927329527112	0.000207854974297369	0.0346186616791754
"NM_014734.4"	1692.83749797287	-0.378797959216804	0.102144146056422	-3.70846469270561	0.000208519728396507	0.0346370124373954
"XR_001747349.1"	411.371414475776	-0.959647079805455	0.258921938674307	-3.7063181463838	0.00021029410826656	0.0348390958090306
"XR_001754713.1"	33.9868261647462	-1.94358052806406	0.524633184069412	-3.70464657418032	0.000211685675015727	0.0349768576837493
"NM_001120.4"	1895.63150034659	-0.619766523382296	0.167339858994688	-3.70363956982879	0.000212528164961935	0.0350234079130015
"NM_001127595.2"	95.1875465295691	-1.97706456519137	0.534380068174548	-3.69973485714963	0.00021582483238245	0.0354730830423965
"NM_052843.4"	555.675906871171	0.858118687028298	0.232025726537829	3.69837733010349	0.000216982169299257	0.0355696990759152
"NM_080738.4"	188.93329328507	-1.36625731794541	0.369503822640861	-3.69754582829673	0.000217693927211277	0.0355929570990437
"XR_002959727.1"	18.8414977621308	1.5232358639566	0.41251244034385	3.69258164114251	0.000221989042879535	0.035919092360433
"NM_133367.5"	822.459247173315	0.724158278309782	0.196061220481319	3.69353142111436	0.000221161168456802	0.035919092360433
"NM_016337.3"	3365.91460039295	0.697383506751209	0.188820254921906	3.69337233995177	0.000221299628954707	0.035919092360433
"NM_006280.3"	1870.95407637578	-0.392192416882664	0.106197986922451	-3.69303061430961	0.00022159733411797	0.035919092360433
"NM_001364564.1"	104.090077089118	1.09084850768465	0.295506422342	3.69145448359214	0.000222975303074368	0.0359854483310485
"NM_001204404.2"	247.544487535561	-1.21516119226941	0.329270227360107	-3.69046786286102	0.000223841968452412	0.0360297428330195
"XM_005247261.3"	1260.88213396107	-0.96776466356624	0.26227889341516	-3.68983051195954	0.00022440350900691	0.0360297428330195
"NM_001323558.2"	48.8685693365088	-1.82415721111792	0.494746114120312	-3.687057177521	0.000226862397295434	0.0361988695980373
"NM_001169126.1"	101.94885175978	1.72787085874748	0.468678922986706	3.68668351402798	0.000227195620705936	0.0361988695980373
"NR_038332.1"	33.2263726680565	1.44787713385092	0.392705844813647	3.68692534876325	0.000226979906355648	0.0361988695980373
"NM_001135176.2"	9.15590805958779	-6.63516622450857	1.80082188952947	-3.68452108622593	0.00022913305737288	0.0362789533930969
"NM_001277061.2"	10.1904278863869	-5.68131718859348	1.54254786955481	-3.68307350502721	0.000230438677068986	0.0362789533930969
"XM_011535144.2"	19.5198991457444	3.03210571495777	0.823011533429736	3.68415944588538	0.000229458580197327	0.0362789533930969
"NM_021803.4"	62.1546902763313	-2.22067492521545	0.602966042189543	-3.68291872151131	0.000230578693701987	0.0362789533930969
"NM_001286055.1"	53.1133011800758	1.41681097811311	0.384767603813016	3.68225121884645	0.000231183429406673	0.0362789533930969
"NM_004117.3"	2959.29702156789	0.471222190524022	0.127961828989211	3.68252153197773	0.000230938355386472	0.0362789533930969
"NM_001351432.1"	34.2453848993854	-1.37664655684617	0.373985979780697	-3.68101113751223	0.000232310855943273	0.036343315822482
"NR_033997.1"	203.621057323743	1.02444278759633	0.278341741849513	3.68052158037513	0.000232757358326413	0.036343315822482
"NM_014376.4"	238.76425938462	1.16204448402874	0.315795984716541	3.67973166306023	0.000233479503761185	0.036365160514744
"NM_001352925.2"	32.4018017735597	8.54690721770081	2.32511757466799	3.67590323638634	0.00023700935210569	0.0367317446760919
"XM_024452563.1"	204.385158310548	-0.981890481687896	0.267089433971206	-3.6762610451814	0.000236677339548221	0.0367317446760919
"NM_001078171.2"	487.09772530807	-0.370582109817185	0.100866978084063	-3.67396859563235	0.00023881209716386	0.0369195226548594
"NM_018975.4"	2584.27868110097	-0.240842407590305	0.065612373139086	-3.6706858183557	0.000241900536116875	0.0373046463808684
"NM_001329113.1"	79.6849955836031	-0.734908491949493	0.200257424612979	-3.66981895113148	0.000242722317049381	0.037323929204003
"NM_005669.5"	1473.70996706136	-0.535678563483925	0.146001625392233	-3.6689904105165	0.000243510212012165	0.037323929204003
"NM_001033518.2"	229.003219186841	-0.387572581558614	0.105643978029372	-3.66866705313632	0.000243818356873261	0.037323929204003
"NM_004039.3"	1461.34975378535	-0.710095540378393	0.193706794078222	-3.66582671380977	0.000246540832940262	0.0376484127211489
"XR_001740364.2"	184.698120629956	0.820982708092212	0.223996488855605	3.66515882586644	0.000247185133899255	0.0376547363608434
"XM_017012328.1"	171.104357998015	-1.95706344698903	0.534645936187196	-3.6604850322921	0.000251738260016351	0.0382550279947475
"NM_022477.4"	11.3850162279262	5.51813082522793	1.50807344119474	3.65905974768465	0.000253142322095363	0.0383750242988109
"NM_022343.4"	352.821180771254	-0.831454652808554	0.227290568932178	-3.65811329838616	0.000254078732753121	0.0384237177035392
"XM_024452424.1"	26.3763830840709	-1.28799178687177	0.352334204349728	-3.65559679125933	0.000256584373930698	0.0386156391387701
"NM_006399.5"	1576.99576488462	-1.00039466970756	0.273621457057492	-3.65612653505224	0.000256054999864773	0.0386156391387701
"NM_001168243.1"	148.877244498231	-0.501273367926119	0.137177956318979	-3.65418308726303	0.000258002119423963	0.0387356691655348
"NM_017918.5"	1185.53919462703	0.452726967206048	0.123943137938751	3.6526989290022	0.000259498422191032	0.0388668895798209
"XM_017016972.1"	8.93401137304252	3.80894045989439	1.04339029181057	3.65054236155947	0.000261687143418249	0.0391009423839081
"XM_006711036.2"	242.646574091133	0.798694899882046	0.218958815984713	3.64769464198149	0.000264603845907977	0.0394423923720155
"NM_002824.6"	1080.85515447795	-1.36725516596765	0.375098083176706	-3.64506039164041	0.000267329018124923	0.0397537344881626
"NM_001079526.2"	29.0871351117014	8.39175024995204	2.30286495205483	3.64404792493983	0.000268383412527111	0.0398157311073772
"XM_005269645.4"	12.7551196815934	6.83233532137833	1.87841755436633	3.6372825123449	0.000275529670999148	0.0407240401501032
"NM_148902.2"	252.211637940241	-0.96572855081767	0.265527392274892	-3.63702043146601	0.000275810061057907	0.0407240401501032
"XM_011533686.2"	11.9517959165978	-7.02065220500029	1.9328490304398	-3.63228172218024	0.000280926178923266	0.0409770786143945
"XM_017011524.1"	107.388401845519	2.20167380472381	0.606168186927805	3.63211704639661	0.000281105558903359	0.0409770786143945
"NM_001715.3"	49.783952232205	2.17132734445066	0.597990405546813	3.6310404386257	0.000282280946048522	0.0409770786143945
"XM_011542075.2"	106.188353649558	-2.10362359281791	0.579059226237065	-3.63282976507949	0.000280329972454695	0.0409770786143945
"XR_002958141.1"	81.925725745856	1.9017027017591	0.523716271021994	3.63116978979489	0.000282139483825385	0.0409770786143945
"NM_001033667.3"	139.625208220349	1.5589141726694	0.42905408270748	3.63337452199991	0.000279738515940973	0.0409770786143945
"NM_001080546.3"	16.6651833203675	-1.32088255580823	0.363880162635283	-3.62999330945158	0.000283428566236265	0.0409770786143945
"NM_032367.4"	133.7059905142	1.18534040925505	0.326186954027193	3.63392954445454	0.000279137116641691	0.0409770786143945
"NM_000639.3"	679.190346914202	-0.939059765533523	0.258661141900459	-3.63046323322465	0.000282913005104376	0.0409770786143945
"XM_011530939.2"	19.8299346154539	-6.65496016881622	1.83441709657361	-3.62783370327642	0.000285809244784978	0.0410571964480568
"NM_000598.5"	26.0338649764157	-1.44865150811679	0.399330328745435	-3.62770218998386	0.000285954824197523	0.0410571964480568
"NR_037599.1"	41.5256356151914	0.933403564997692	0.257252136668675	3.62836078675551	0.000285226483176531	0.0410571964480568
"NM_006159.2"	1051.17665788092	1.23594123199402	0.341211382578466	3.62221571465248	0.000292090384992927	0.0418419476502368
"NM_145065.3"	120.225124574797	-0.507304099814091	0.14012660013194	-3.62032689964951	0.000294231041234397	0.0420521467788942
"NM_025133.4"	16.4216493031559	7.56690391500463	2.0923978843318	3.61637906999752	0.000298752788988537	0.0426009199585777
"XM_017024243.1"	667.265292814826	0.56196642606857	0.155464822150068	3.6147497440039	0.000300637884897248	0.0427720737517709
"NM_183373.3"	10.842868476492	-2.10158267873078	0.581920324545223	-3.6114612088402	0.000304476631826691	0.0432197658954537
"NM_001145515.2"	12.6729468139821	4.61442143215837	1.27837993039945	3.60958532156909	0.000306686887781622	0.0433133354486648
"NM_025202.4"	16.0170816558511	1.89596609544228	0.525244942119955	3.60967987200395	0.000306575125561117	0.0433133354486648
"NM_003164.5"	850.736272987853	-0.383529342396137	0.106266192668294	-3.60913789010309	0.000307216286465224	0.0433133354486648
"NM_004342.7"	103.359446546056	-2.4564153934832	0.680967919011181	-3.60724099462734	0.000309470201663118	0.0435077363000821
"NM_001300826.2"	606.164370516569	-1.16148230086522	0.322025099370942	-3.60680674622603	0.000309988354444442	0.0435077363000821
"XR_001739635.1"	49.7024675402319	-2.02653199688011	0.562930769410686	-3.59996665131952	0.000318257995008927	0.0444685449536299
"XM_011539454.2"	11.9595501853034	1.23005111573343	0.341635513312451	3.60047790057604	0.000317632826585072	0.0444685449536299
"XR_001738164.1"	30.080878533463	-1.92144220126472	0.534570846385245	-3.59436399170937	0.000325184960120131	0.0447358525423415
"NM_001277285.2"	251.802031014915	0.663433289372158	0.184459374256584	3.59663634361741	0.000322358652469467	0.0447358525423415
"NM_031459.5"	1068.34449026583	-0.63146658493003	0.175526059105469	-3.59756601468843	0.000321208986467307	0.0447358525423415
"NM_006923.4"	233.319893169596	-0.563019785220706	0.156584696909376	-3.59562458103142	0.00032361421189263	0.0447358525423415
"XM_005253073.4"	101.18164830384	-0.548112739292172	0.152489576503662	-3.5944275789828	0.000325105557072992	0.0447358525423415
"NM_014145.4"	307.98006522701	-0.515341944150079	0.143353078062167	-3.5949136992133	0.000324499125728122	0.0447358525423415
"NM_005402.4"	1331.90613612702	0.249749479691366	0.0694350820617884	3.59687743249328	0.000322060143630283	0.0447358525423415
"XM_005252442.2"	495.930231705548	-1.30541359598609	0.363371003328414	-3.59250898951412	0.000327509352371947	0.0449565969694388
"XR_922188.1"	14.9256438371669	-1.89063804581492	0.526557776936421	-3.59056143243175	0.000329966445583528	0.0451945488855492
"NM_001142478.2"	21.7460539046684	1.71961216381005	0.479678672812857	3.58492520362886	0.000337174822224328	0.0457802779818801
"NM_005601.4"	3150.92826421137	-1.08942627265981	0.303809004690212	-3.585891977661	0.000335928001966071	0.0457802779818801
"XM_024451282.1"	70.1997137887025	0.558349712301758	0.155686975534462	3.58636109658489	0.000335324548717536	0.0457802779818801
"NM_032458.3"	578.629787033435	0.43212435317716	0.120522812794112	3.58541543429918	0.000336542045918021	0.0457802779818801
"NR_136718.1"	26.0899994566703	7.1419890345761	1.99254328551109	3.5843582854684	0.000337907972592888	0.0457802998790326
"NM_001318513.2"	72.3907773479585	-0.862216031995729	0.240919642758625	-3.57885318989775	0.000345105252490265	0.0466036556676371
"XM_005258704.2"	686.171820622993	-0.415344171419911	0.11606424237721	-3.57857134043091	0.000345477569753846	0.0466036556676371
"NR_146103.1"	198.283227093473	1.17959247481776	0.329679706372714	3.57799540589312	0.000346239535913443	0.04660578166928
"NM_001300.6"	3833.20669772969	-0.426905004425419	0.119442464703302	-3.57414764912847	0.000351370623969303	0.0471947420672059
"XM_011540547.3"	144.633158146328	-0.73729099495776	0.206330916002764	-3.57334232426847	0.000352453508236663	0.0472386024977194
"NM_001128209.2"	11.0753053043123	-1.89420139711523	0.530310319089044	-3.57187354070169	0.000354436557747247	0.0474026639983293
"NM_003254.3"	443.340844564482	-1.83252463319902	0.513174241607337	-3.57095988968442	0.000355675365043406	0.0474667014412736
"NM_001365006.1"	1046.70619534322	0.301867153042529	0.084643733893695	3.5663260486789	0.000362020917835861	0.0482105340410968
"NM_172212.3"	66.4810355345511	-1.80006574403621	0.504881530677808	-3.56532302066904	0.000363408323460503	0.048229679400591
"NM_001006638.3"	160.473587985622	1.08159415104612	0.303383443914511	3.56510604893423	0.000363709095820778	0.048229679400591
"XM_006714052.2"	31.5757988791063	-1.68152814293951	0.472145848084236	-3.56145913336402	0.000368799517935305	0.0488010836688249
"NM_017941.5"	352.116798220238	0.324520462338791	0.0911730687190828	3.55938948746679	0.000371717910297419	0.0490832674914289
"XR_001741031.1"	7.8746799101345	-1.523738953988	0.428217426633526	-3.55833008938246	0.000373220100047366	0.0490967228293289
"XM_017024244.1"	137.052239089272	0.679449246779331	0.190952589731752	3.55820912266136	0.000373391987190086	0.0490967228293289
"NM_017583.6"	785.28675537565	0.323485296348353	0.0909278989161144	3.55760223434597	0.000374255460058319	0.0491068766152573
"NM_001308147.2"	69.0199197184882	-1.20758557595205	0.339492183020506	-3.55703499623467	0.000375064206448378	0.0491098221009357
"NM_001089.3"	211.073788840309	-0.738482012311042	0.207681232022587	-3.55584375689146	0.000376767950692278	0.0491558398054066
"XM_017021786.2"	366.70434650112	-0.59220739552275	0.166574130192462	-3.55521829733408	0.00037766539435322	0.0491558398054066
"NM_203463.3"	1205.69120533442	0.387971715654266	0.109129775642361	3.55514077959552	0.000377776760116483	0.0491558398054066
"XM_017001683.1"	131.247737285309	-1.09748611784235	0.308809341525645	-3.55392784564196	0.000379523322894054	0.0492804328024822
"NM_005980.3"	14.8835626950594	-1.51069352067257	0.425223933061117	-3.5527010669351	0.000381297496320451	0.0493225823077331
"NM_003745.1"	2115.42418675904	-0.978890667578082	0.27558630307235	-3.55202946106176	0.000382272056557906	0.0493225823077331
"XM_011527492.2"	70.2130765178371	-0.922603068203387	0.259809321003276	-3.55107763124386	0.000383657235105088	0.0493225823077331
"NM_001307978.2"	402.980355145459	0.824358241655303	0.232137855853646	3.55115816256626	0.000383539858105008	0.0493225823077331
"NM_004719.3"	2577.21539774764	0.219090621917229	0.0616985985658824	3.55098214562007	0.000383796451983898	0.0493225823077331
"XR_921869.2"	220.143307013484	-1.11066593737711	0.312918433874851	-3.54937842307275	0.000386141726977668	0.0495220818107684
"XM_011534587.2"	63.4705977750833	0.708514748974815	0.199666837101282	3.54848486238812	0.000387454268539179	0.0495885886273597
"XM_005259536.4"	30.3211201668267	7.72309918834917	2.17697409703435	3.54763026297382	0.000388713479878501	0.0496480118870583
"NR_152575.1"	312.926517350701	0.66138297305974	0.1864633429931	3.54698656820828	0.000389664457257618	0.049667904095794
